"id","user_id","page","page_url","page_title","content","date","updated","upvotes","downvotes","status","parent"
"28","1","1","http://voiceoverstudiofinder.com/profile2.php?u=1","Admin","This is an amazing studio thank you so much for all your help :-)","2016-04-11 16:53:43","0000-00-00 00:00:00","0","0","2","0"
"29","1852","1","http://voiceoverstudiofinder.com/profile2.php?u=1","Admin","Yeah its amazing isn&#039;t it","2016-04-11 16:54:32","0000-00-00 00:00:00","0","0","2","28"
"30","1","1","http://voiceoverstudiofinder.com/profile2.php?u=1","Admin","I like it as well","2016-04-11 17:33:20","0000-00-00 00:00:00","0","0","2","29"
"31","1","1","http://voiceoverstudiofinder.com/profile2.php?u=1","Admin","Great studio here","2016-04-11 17:33:38","0000-00-00 00:00:00","0","0","2","0"
"32","1","1842","http://voiceoverstudiofinder.com/profile2.php?u=1842","TestStudio2","I like this studio, great staff and friendly techs, x","2016-04-11 17:38:17","2016-04-11 17:38:47","0","0","2","0"
"33","1","1842","http://voiceoverstudiofinder.com/profile2.php?u=1842","TestStudio2","ok","2016-04-11 17:39:27","0000-00-00 00:00:00","0","0","2","32"
"34","1","1","http://voiceoverstudiofinder.com/Admin","Admin","xcvxcxcxcxcxccx","2016-04-11 20:42:20","0000-00-00 00:00:00","0","0","2","0"
"35","1","1","http://voiceoverstudiofinder.com/Admin","Admin","xxcxcxcxcxcxcxcx","2016-04-11 20:42:27","0000-00-00 00:00:00","0","0","2","34"
"36","1","1","http://voiceoverstudiofinder.com/shout","2","cccc","2016-04-14 13:28:41","0000-00-00 00:00:00","0","0","2","0"
"37","1","1","http://voiceoverstudiofinder.com/shout","Shout Page","Welcome to the Voiceover Studio Finder&#039;s shout box","2016-04-14 13:37:39","0000-00-00 00:00:00","0","0","2","0"
"38","1","1","http://voiceoverstudiofinder.com/shout","Shout Page","xxcx",,,,,,
"xc","2016-05-25 10:47:24","0000-00-00 00:00:00","0","0","2","0",,,,,
"39","1","1","http://voiceoverstudiofinder.com/shout","Shout Page","xcxcxc","2016-05-25 10:47:26","0000-00-00 00:00:00","0","0","2","0"
"40","1","1","http://voiceoverstudiofinder.com/shout","Shout Page","dfddfwsd","2016-05-25 10:47:29","0000-00-00 00:00:00","0","0","2","0"
"41","1","1","http://voiceoverstudiofinder.com/shout","Shout Page","sdfsdfrdfg","2016-05-25 10:47:31","0000-00-00 00:00:00","0","0","2","0"
"42","1","1","http://voiceoverstudiofinder.com/shout","Shout Page","gdfgadfgadfgdfgadfg","2016-05-25 10:47:34","0000-00-00 00:00:00","0","0","2","0"
"43","1","1","http://voiceoverstudiofinder.com/shout","Shout Page","gadfgadfgadfg","2016-05-25 10:47:36","0000-00-00 00:00:00","0","0","2","0"
"44","1","1","http://voiceoverstudiofinder.com/shout","Shout Page","gadfgadfg","2016-05-25 10:47:39","0000-00-00 00:00:00","0","0","2","0"
"45","1","1","http://voiceoverstudiofinder.com/shout","Shout Page","gadfgadfgadf","2016-05-25 10:47:40","0000-00-00 00:00:00","0","0","2","0"
"46","1","1","http://voiceoverstudiofinder.com/shout","Shout Page","fgadfgadfgadf","2016-05-25 10:47:43","0000-00-00 00:00:00","0","0","2","0"
"47","1","1","http://voiceoverstudiofinder.com/shout","Shout Page","adfgadfgadfgad","2016-05-25 10:47:45","0000-00-00 00:00:00","0","0","2","0"
"48","1","1","http://voiceoverstudiofinder.com/shout","Shout Page","dfgadfgadfgadf","2016-05-25 10:47:48","0000-00-00 00:00:00","0","0","2","0"
"49","1","1","https://voiceoverstudiofinder.com/shout","Shout Page","xc",,,,,,
"xc",,,,,,,,,,,
"xc",,,,,,,,,,,
"xc","2016-05-29 23:35:19","0000-00-00 00:00:00","0","0","2","0",,,,,
"50","1","1","https://voiceoverstudiofinder.com/shout","Shout Page","xxcx",,,,,,
"xc","2016-05-29 23:35:27","0000-00-00 00:00:00","0","0","2","0",,,,,
"51","1","1","https://voiceoverstudiofinder.com/shout","Shout Page","xxc",,,,,,
"c",,,,,,,,,,,
"xc",,,,,,,,,,,
"xc","2016-05-29 23:43:13","0000-00-00 00:00:00","0","0","2","0",,,,,
"52","1","1","https://voiceoverstudiofinder.com/shout","Shout Page","xx",,,,,,
"xx",,,,,,,,,,,
"xx",,,,,,,,,,,
"xx",,,,,,,,,,,
"xx","2016-05-29 23:43:20","0000-00-00 00:00:00","0","0","2","0",,,,,
